{"type": "block", "layer": 0, "block": 1, "features": [{"geom": {"lines": [[-5442.8583468094, 4818.265240148641, 10.0, -5446.787313379347, 4905.770147691481, 10.0, -5452.141961956862, 4936.222335438244, 10.0, -5465.099772956222, 4964.295510073192, 10.0, -5479.2236175748985, 4982.56904575415, 10.0, -5479.2236175748985, 4982.56904575415, 10.0, -5613.098071689019, 5125.016002129763, 10.0, -5636.9990796206985, 5144.63104278408, 10.0, -5665.118595676031, 5157.487979309633, 10.0, -5688.96315428731, 5162.275563137606, 10.0, -5688.96315428731, 5162.275563137606, 10.0, -5873.900152544957, 5180.203691010363, 10.0, -5904.034195357934, 5187.126946289092, 10.0, -5916.298097054008, 5192.468674024567, 10.0, -5916.298097054008, 5192.468674024567, 10.0, -6007.3297541423235, 5238.315366132185, 10.0, -6007.3297541423235, 5238.315366132185, 10.0, -6036.506239110371, 5248.549657749943, 10.0, -6067.329221287742, 5250.989282656461, 10.0, -6097.752414117102, 5245.472278208472, 10.0, -6125.756072390359, 5232.364909161814, 10.0, -6149.4810797779355, 5212.537351964042, 10.0, -6167.352372471243, 5187.3059251811355, 10.0, -6168.7776407054625, 5184.528174205683, 10.0, -6168.7776407054625, 5184.528174205683, 10.0, -6218.480431403499, 5084.477429375984, 10.0, -6218.480431403499, 5084.477429375984, 10.0, -6235.689169110963, 5058.789857545868, 10.0, -6258.890209167264, 5038.352055798285, 10.0, -6286.543247519992, 5024.520878341049, 10.0, -6316.812414443586, 5018.214569297619, 10.0, -6338.573247102322, 5018.53213322442, 10.0, -6338.573247102555, 5018.53213322442, 10.0, -6553.518255748786, 5041.271088079549, 10.0, -6553.518255748786, 5041.271088079549, 10.0, -6611.467694240855, 5043.383996722288, 10.0, -6669.157428091159, 5037.51063203346, 10.0, -6725.492063073674, 5023.762515586801, 10.0, -6779.401935146889, 5002.400692220777, 10.0, -6829.863420892041, 4973.830773409456, 10.0, -6875.918373747962, 4938.595235639252, 10.0, -6897.065787763102, 4918.6323635373265, 10.0, -6897.065787763335, 4918.6323635373265, 10.0, -6965.921326039126, 4848.979848715477, 10.0, -6965.921326039126, 4848.979848715477, 10.0, -6984.644523619907, 4824.373957706615, 10.0, -6996.459114834666, 4795.800833367743, 10.0, -7000.5807486088015, 4765.15739793703, 10.0, -6996.73579652654, 4734.478018159978, 10.0, -6994.9297603471205, 4728.220998049714, 10.0, -6994.929760347819, 4728.220998048782, 10.0, -6966.003697724547, 4637.338662393391, 10.0, -6966.003697724547, 4637.338662393391, 10.0, -6960.500129644992, 4606.9132989877835, 10.0, -6962.953365975758, 4576.091656728648, 10.0, -6973.200537730707, 4546.919967181981, 10.0, -6978.511969754705, 4537.47259226907, 10.0, -6978.511969754705, 4537.47259226907, 10.0, -6986.2388171067, 4525.0750767877325, 10.0, -6986.2388171067, 4525.0750767877325, 10.0, -6999.076377367834, 4496.946709495969, 10.0, -7004.300664433045, 4466.471886696294, 10.0, -7001.564846566878, 4435.673781225458, 10.0, -6991.050550170941, 4406.597028117627, 10.0, -6977.4106353097595, 4385.780261387117, 10.0, -6977.410635309527, 4385.780261387117, 10.0, -6975.5659921425395, 4383.517408102751, 10.0, -6975.5659921425395, 4383.517408102751, 10.0, -6959.280156830559, 4357.235026775859, 10.0, -6950.250449161511, 4327.663818153553, 10.0, -6949.076346368995, 4296.766998209991, 10.0, -6953.248351785587, 4274.543003132567, 10.0, -6953.248351785354, 4274.543003132567, 10.0, -6986.3995438055135, 4159.223208458163, 10.0, -6986.3995438055135, 4159.223208458163, 10.0, -6990.948827856686, 4131.4693764848635, 10.0, -6990.948827856686, 4131.4693764848635, 10.0, -7008.18268349627, 3748.903290242888, 10.0]]}, "mtl": {"idx": 0}}, {"geom": {"lines": [[-5689.756998446537, 3885.4750417890027, 10.0, -5701.000902667409, 3842.285946025513, 10.0, -5712.580687406473, 3813.617137445137, 10.0, -5731.101374591934, 3788.858782365918, 10.0, -5733.93520664447, 3786.0402299864218, 10.0, -5733.935206644703, 3786.0402299864218, 10.0, -5806.803298758343, 3715.940019186586, 10.0]]}, "mtl": {"idx": 0}}, {"geom": {"lines": [[-4566.1495592487045, 4098.329743598588, 10.0, -4633.484369389247, 4112.4175740340725, 10.0, -4664.311997856945, 4114.797767943703, 10.0, -4694.724497401854, 4109.2221180778, 10.0, -4713.961172475712, 4101.144457988441, 10.0, -4713.961172475712, 4101.144457988441, 10.0, -4775.307123129489, 4068.8481316678226, 10.0, -4801.9420880579855, 4058.655585512519, 10.0, -4801.9420880579855, 4058.655585512519, 10.0, -5042.79085925431, 3998.0864758025855, 10.0, -5071.555211997591, 3986.745399519801, 10.0, -5096.466972586699, 3968.4311377452686, 10.0, -5106.108551954385, 3958.052733327262, 10.0, -5106.108551954385, 3958.052733327262, 10.0, -5178.307990077417, 3870.4940426880494, 10.0, -5178.307990077417, 3870.4940426880494, 10.0, -5194.74145495519, 3844.3034101631492, 10.0, -5199.992169258418, 3830.7961347382516, 10.0, -5199.992169258418, 3830.7961347382516, 10.0, -5319.420455710497, 3458.3949495302513, 10.0, -5319.420455710497, 3458.3949495302513, 10.0, -5324.990832425654, 3427.981483709067, 10.0, -5324.992717736168, 3427.9451250676066, 10.0, -5324.992717736168, 3427.9451250676066, 10.0, -5327.022444738774, 3388.686216405593, 10.0, -5327.022444738774, 3388.686216405593, 10.0, -5325.951209997293, 3365.3439660677686, 10.0, -5325.951209997293, 3365.3439660677686, 10.0, -5320.214620458195, 3325.607628431171, 10.0, -5320.214620458195, 3325.607628431171, 10.0, -5311.891057858244, 3295.8296784404665, 10.0, -5299.89661709778, 3274.1427340442315, 10.0, -5299.89661709778, 3274.1427340442315, 10.0, -5249.160489753354, 3201.3404069449753, 10.0, -5249.160489753354, 3201.3404069449753, 10.0, -5243.494086973136, 3193.8521850695834, 10.0, -5243.494086973136, 3193.8521850695834, 10.0, -5123.599633498117, 3047.6692535616457, 10.0, -5107.235388131579, 3021.435621072538, 10.0, -5107.107678648317, 3021.155126729049, 10.0, -5107.107678648317, 3021.155126729049, 10.0, -5103.060987250414, 3012.236837491393, 10.0, -5103.060987250414, 3012.236837491393, 10.0, -5094.018925894983, 2982.669403945096, 10.0, -5092.831914907321, 2951.7730772215873, 10.0, -5093.801262578694, 2943.9682455491275, 10.0, -5093.801262578461, 2943.9682455491275, 10.0, -5094.110800168244, 2942.0045255841687, 10.0, -5101.098577550612, 2923.112468666397, 10.0, -5110.158144491492, 2912.1661708680913, 10.0, -5110.158144491725, 2912.1661708680913, 10.0, -5162.894350934774, 2863.987472551875, 10.0, -5162.894350934774, 2863.987472551875, 10.0, -5168.022553805029, 2859.561434431933, 10.0, -5334.177780967439, 2724.1483440063894, 10.0, -5334.177780967439, 2724.1483440063894, 10.0, -5358.251023235032, 2708.8948285188526, 10.0, -5410.9349144387525, 2683.720989917405, 10.0, -5410.9349144387525, 2683.720989917405, 10.0, -5438.983049952658, 2674.356675903313, 10.0, -5438.983049952658, 2674.356675903313, 10.0, -5468.2551176643465, 2664.399063141085, 10.0, -5494.011231855489, 2647.2926145959646, 10.0, -5509.073565630009, 2631.588624767959, 10.0, -5509.073565630242, 2631.588624767959, 10.0, -5531.316937475465, 2610.112488966435, 10.0, -5558.309406329412, 2595.0327467545867, 10.0, -5588.25895730569, 2587.3505337713286, 10.0, -5619.177256491734, 2587.575867831707, 10.0, -5645.279571751365, 2594.2112594163045, 10.0, -5645.279571751598, 2594.2112594163045, 10.0, -5716.816969886422, 2621.251791106537, 10.0, -5716.816969886422, 2621.251791106537, 10.0, -5746.906534897629, 2628.366991559975, 10.0, -5769.99605535157, 2628.5206928495318, 10.0, -5769.99605535157, 2628.5206928495318, 10.0, -5800.891070507932, 2629.741364179179, 10.0, -5830.448635326, 2638.815633407794, 10.0, -5856.706439635484, 2655.1410648832098, 10.0, -5877.9212425169535, 2677.6338223554194, 10.0, -5892.684605091345, 2704.8006242560223, 10.0, -5900.01639598771, 2734.837881824933, 10.0, -5900.382463826798, 2738.722374642268, 10.0, -5900.382463826565, 2738.722374642268, 10.0, -5902.9527597157285, 2771.7343178065494, 10.0]]},